,symbol,price
0,ETHBTC,0.06733700
1,LTCBTC,0.00231400
2,BNBBTC,0.01031200
3,NEOBTC,0.00034700
4,QTUMETH,0.00195100
5,EOSETH,0.00064600
6,SNTETH,0.00001640
7,BNTETH,0.00068400
8,BCCBTC,0.07908100
9,GASBTC,0.00008120
10,BNBETH,0.15310000
11,BTCUSDT,30245.72000000
12,ETHUSDT,2036.77000000
13,HSRBTC,0.00041400
14,OAXETH,0.00017780
15,DNTETH,0.00002801
16,MCOETH,0.00577200
17,ICNETH,0.00166300
18,MCOBTC,0.00021140
19,WTCBTC,0.00000674
20,WTCETH,0.00023700
21,LRCBTC,0.00001636
22,LRCETH,0.00024337
23,QTUMBTC,0.00012990
24,YOYOBTC,0.00000008
25,OMGBTC,0.00008170
26,OMGETH,0.00121100
27,ZRXBTC,0.00001518
28,ZRXETH,0.00022490
29,STRATBTC,0.00003085
30,STRATETH,0.00105300
31,SNGLSBTC,0.00000013
32,SNGLSETH,0.00005306
33,BQXBTC,0.00008703
34,BQXETH,0.00126350
35,KNCBTC,0.00008994
36,KNCETH,0.00134070
37,FUNBTC,0.00000029
38,FUNETH,0.00000446
39,SNMBTC,0.00000184
40,SNMETH,0.00004986
41,NEOETH,0.00516000
42,IOTABTC,0.00001104
43,IOTAETH,0.00016400
44,LINKBTC,0.00023770
45,LINKETH,0.00353100
46,XVGBTC,0.00000017
47,XVGETH,0.00000259
48,SALTBTC,0.00004250
49,SALTETH,0.00113800
50,MDABTC,0.00000517
51,MDAETH,0.00181150
52,MTLBTC,0.00004611
53,MTLETH,0.00068230
54,SUBBTC,0.00000457
55,SUBETH,0.00012334
56,EOSBTC,0.00004350
57,SNTBTC,0.00000110
58,ETCETH,0.01024000
59,ETCBTC,0.00068900
60,MTHBTC,0.00000023
61,MTHETH,0.00004135
62,ENGBTC,0.00006200
63,ENGETH,0.00186480
64,DNTBTC,0.00000187
65,ZECBTC,0.00352600
66,ZECETH,0.05235000
67,BNTBTC,0.00004602
68,ASTBTC,0.00000295
69,ASTETH,0.00006960
70,DASHBTC,0.00194300
71,DASHETH,0.02884000
72,OAXBTC,0.00000144
73,ICNBTC,0.00005742
74,BTGBTC,0.00061800
75,BTGETH,0.05274500
76,EVXBTC,0.00000274
77,EVXETH,0.00062490
78,REQBTC,0.00000374
79,REQETH,0.00004995
80,VIBBTC,0.00000051
81,VIBETH,0.00000758
82,HSRETH,0.01247400
83,TRXBTC,0.00000244
84,TRXETH,0.00003620
85,POWRBTC,0.00000844
86,POWRETH,0.00012460
87,ARKBTC,0.00001577
88,ARKETH,0.00104600
89,YOYOETH,0.00005828
90,XRPBTC,0.00001398
91,XRPETH,0.00020750
92,MODBTC,0.00004280
93,MODETH,0.00116700
94,ENJBTC,0.00002291
95,ENJETH,0.00034040
96,STORJBTC,0.00001854
97,STORJETH,0.00029910
98,BNBUSDT,311.90000000
99,VENBNB,0.14920000
100,YOYOBNB,0.00059800
101,POWRBNB,0.00385000
102,VENBTC,0.00013928
103,VENETH,0.00325194
104,KMDBTC,0.00000810
105,KMDETH,0.00020970
106,NULSBNB,0.01257000
107,RCNBTC,0.00000074
108,RCNETH,0.00037604
109,RCNBNB,0.00347300
110,NULSBTC,0.00000725
111,NULSETH,0.00051926
112,RDNBTC,0.00000447
113,RDNETH,0.00071530
114,RDNBNB,0.00623000
115,XMRBTC,0.00585400
116,XMRETH,0.08704000
117,DLTBNB,0.00240000
118,WTCBNB,0.00180500
119,DLTBTC,0.00000071
120,DLTETH,0.00016807
121,AMBBTC,0.00000027
122,AMBETH,0.00004100
123,AMBBNB,0.00068500
124,BCCETH,2.47246000
125,BCCUSDT,448.70000000
126,BCCBNB,54.29000000
127,BATBTC,0.00001320
128,BATETH,0.00019510
129,BATBNB,0.00183100
130,BCPTBTC,0.00000048
131,BCPTETH,0.00008181
132,BCPTBNB,0.00116200
133,ARNBTC,0.00000761
134,ARNETH,0.00029362
135,GVTBTC,0.00001792
136,GVTETH,0.00384600
137,CDTBTC,0.00000317
138,CDTETH,0.00005119
139,GXSBTC,0.00004581
140,GXSETH,0.00062460
141,NEOUSDT,10.50000000
142,NEOBNB,0.03360000
143,POEBTC,0.00000005
144,POEETH,0.00000664
145,QSPBTC,0.00000115
146,QSPETH,0.00002249
147,QSPBNB,0.00052350
148,BTSBTC,0.00000042
149,BTSETH,0.00009498
150,BTSBNB,0.00144800
151,XZCBTC,0.00013550
152,XZCETH,0.00310000
153,XZCBNB,0.26750000
154,LSKBTC,0.00003829
155,LSKETH,0.00057100
156,LSKBNB,0.06494000
157,TNTBTC,0.00000261
158,TNTETH,0.00000920
159,FUELBTC,0.00000026
160,FUELETH,0.00002221
161,MANABTC,0.00003702
162,MANAETH,0.00055140
163,BCDBTC,0.00001351
164,BCDETH,0.00251000
165,DGDBTC,0.00393100
166,DGDETH,0.19260000
167,IOTABNB,0.00107700
168,ADXBTC,0.00000804
169,ADXETH,0.00011940
170,ADXBNB,0.00492900
171,ADABTC,0.00001757
172,ADAETH,0.00026080
173,PPTBTC,0.00001855
174,PPTETH,0.00141000
175,CMTBTC,0.00000028
176,CMTETH,0.00000625
177,CMTBNB,0.00057700
178,XLMBTC,0.00000434
179,XLMETH,0.00006450
180,XLMBNB,0.00042100
181,CNDBTC,0.00000006
182,CNDETH,0.00002599
183,CNDBNB,0.00033990
184,LENDBTC,0.00004512
185,LENDETH,0.00137174
186,WABIBTC,0.00000152
187,WABIETH,0.00040308
188,WABIBNB,0.00024130
189,LTCETH,0.03436000
190,LTCUSDT,70.00000000
191,LTCBNB,0.22430000
192,TNBBTC,0.00000007
193,TNBETH,0.00000752
194,WAVESBTC,0.00020000
195,WAVESETH,0.00297900
196,WAVESBNB,0.01937000
197,GTOBTC,0.00000062
198,GTOETH,0.00003197
199,GTOBNB,0.00035200
200,ICXBTC,0.00001207
201,ICXETH,0.00018040
202,ICXBNB,0.00465400
203,OSTBTC,0.00000032
204,OSTETH,0.00000225
205,OSTBNB,0.00052500
206,ELFBTC,0.00000516
207,ELFETH,0.00007670
208,AIONBTC,0.00000112
209,AIONETH,0.00001669
210,AIONBNB,0.00261300
211,NEBLBTC,0.00000686
212,NEBLBNB,0.01356000
213,BRDBTC,0.00000235
214,BRDETH,0.00003500
215,BRDBNB,0.00247000
216,MCOBNB,0.26837000
217,EDOBTC,0.00005609
218,EDOETH,0.00226600
219,WINGSBTC,0.00001193
220,WINGSETH,0.00033460
221,NAVBTC,0.00000287
222,NAVETH,0.00011870
223,NAVBNB,0.00423700
224,LUNBTC,0.00008510
225,LUNETH,0.00489100
226,TRIGBTC,0.00001980
227,TRIGETH,0.00059400
228,TRIGBNB,0.01218000
229,APPCBTC,0.00000055
230,APPCETH,0.00014600
231,APPCBNB,0.00189100
232,VIBEBTC,0.00000042
233,VIBEETH,0.00005720
234,RLCBTC,0.00003029
235,RLCETH,0.00045400
236,RLCBNB,0.03344000
237,INSBTC,0.00000618
238,INSETH,0.00050100
239,PIVXBTC,0.00000415
240,PIVXBNB,0.01660000
241,IOSTBTC,0.00000057
242,IOSTETH,0.00000840
243,CHATBTC,0.00000195
244,CHATETH,0.00006585
245,STEEMBTC,0.00000889
246,STEEMETH,0.00013220
247,STEEMBNB,0.00448000
248,NANOBTC,0.00006280
249,NANOETH,0.00090500
250,NANOBNB,0.05589000
251,VIABTC,0.00000681
252,VIAETH,0.00085600
253,VIABNB,0.00958000
254,BLZBTC,0.00000257
255,BLZETH,0.00003813
256,BLZBNB,0.00062190
257,AEBTC,0.00000292
258,AEETH,0.00021900
259,AEBNB,0.00777000
260,RPXBTC,0.00000224
261,RPXETH,0.00005449
262,RPXBNB,0.00145700
263,NCASHBTC,0.00000005
264,NCASHETH,0.00000013
265,NCASHBNB,0.00006790
266,POABTC,0.00000041
267,POAETH,0.00004891
268,POABNB,0.00092100
269,ZILBTC,0.00000171
270,ZILETH,0.00002548
271,ZILBNB,0.00016610
272,ONTBTC,0.00000919
273,ONTETH,0.00013670
274,ONTBNB,0.00246200
275,STORMBTC,0.00000035
276,STORMETH,0.00001398
277,STORMBNB,0.00006550
278,QTUMBNB,0.09597000
279,QTUMUSDT,3.93600000
280,XEMBTC,0.00000181
281,XEMETH,0.00003593
282,XEMBNB,0.00244100
283,WANBTC,0.00000762
284,WANETH,0.00011270
285,WANBNB,0.00181000
286,WPRBTC,0.00000027
287,WPRETH,0.00004020
288,QLCBTC,0.00000022
289,QLCETH,0.00000603
290,SYSBTC,0.00000723
291,SYSETH,0.00011047
292,SYSBNB,0.00163500
293,QLCBNB,0.00092200
294,GRSBTC,0.00001345
295,GRSETH,0.00076455
296,ADAUSDT,0.53150000
297,ADABNB,0.00170300
298,CLOAKBTC,0.00015550
299,CLOAKETH,0.00414200
300,GNTBTC,0.00000678
301,GNTETH,0.00022071
302,GNTBNB,0.00243900
303,LOOMBTC,0.00000167
304,LOOMETH,0.00002478
305,LOOMBNB,0.00088500
306,XRPUSDT,0.42250000
307,BCNBTC,0.00000022
308,BCNETH,0.00000707
309,BCNBNB,0.00002000
310,REPBTC,0.00023960
311,REPBNB,0.44670000
312,BTCTUSD,30213.41000000
313,TUSDBTC,0.00025971
314,ETHTUSD,2033.93000000
315,TUSDETH,0.00762097
316,TUSDBNB,0.06777000
317,ZENBTC,0.00068200
318,ZENETH,0.01010000
319,ZENBNB,0.06620000
320,SKYBTC,0.00000829
321,SKYETH,0.00222000
322,SKYBNB,0.03022000
323,EOSUSDT,1.31500000
324,EOSBNB,0.00421000
325,CVCBTC,0.00000604
326,CVCETH,0.00009930
327,CVCBNB,0.00211200
328,THETABTC,0.00004240
329,THETAETH,0.00063000
330,THETABNB,0.00412000
331,XRPBNB,0.00135500
332,TUSDUSDT,1.00070000
333,IOTAUSDT,0.33380000
334,XLMUSDT,0.13140000
335,IOTXBTC,0.00000110
336,IOTXETH,0.00001629
337,QKCBTC,0.00000039
338,QKCETH,0.00000564
339,AGIBTC,0.00000668
340,AGIETH,0.00007363
341,AGIBNB,0.00077200
342,NXSBTC,0.00000502
343,NXSETH,0.00077300
344,NXSBNB,0.01087000
345,ENJBNB,0.00222000
346,DATABTC,0.00000123
347,DATAETH,0.00001839
348,ONTUSDT,0.27830000
349,TRXBNB,0.00023640
350,TRXUSDT,0.07373000
351,ETCUSDT,20.86000000
352,ETCBNB,0.06680000
353,ICXUSDT,0.36400000
354,SCBTC,0.00000018
355,SCETH,0.00000257
356,NPXSBTC,0.00000003
357,NPXSETH,0.00000345
358,VENUSDT,0.00010000
359,KEYBTC,0.00000013
360,KEYETH,0.00000179
361,NASBTC,0.00000330
362,NASETH,0.00004830
363,NASBNB,0.02337000
364,MFTBTC,0.00000008
365,MFTETH,0.00000228
366,MFTBNB,0.00001485
367,DENTBTC,0.00000004
368,DENTETH,0.00000052
369,ARDRBTC,0.00000367
370,ARDRETH,0.00018870
371,ARDRBNB,0.00316800
372,NULSUSDT,0.21960000
373,HOTBTC,0.00000002
374,HOTETH,0.00000125
375,VETBTC,0.00000103
376,VETETH,0.00001536
377,VETUSDT,0.03130000
378,VETBNB,0.00010030
379,DOCKBTC,0.00000072
380,DOCKETH,0.00003283
381,POLYBTC,0.00000811
382,POLYBNB,0.00145900
383,PHXBTC,0.00000180
384,PHXETH,0.00005617
385,PHXBNB,0.00045600
386,HCBTC,0.00002000
387,HCETH,0.00513400
388,GOBTC,0.00000041
389,GOBNB,0.00069230
390,PAXBTC,0.00025175
391,PAXBNB,0.20121000
392,PAXUSDT,0.99960000
393,PAXETH,0.00888047
394,RVNBTC,0.00000100
395,DCRBTC,0.00126500
396,DCRBNB,0.78100000
397,USDCBNB,0.21755000
398,MITHBTC,0.00000054
399,MITHBNB,0.00005400
400,BCHABCBTC,0.02933000
401,BCHSVBTC,0.01117900
402,BCHABCUSDT,220.08000000
403,BCHSVUSDT,58.90000000
404,BNBPAX,495.10000000
405,BTCPAX,51529.15000000
406,ETHPAX,3904.41000000
407,XRPPAX,0.88960000
408,EOSPAX,2.58450000
409,XLMPAX,0.04221000
410,RENBTC,0.00000495
411,RENBNB,0.00458500
412,BNBTUSD,311.40000000
413,XRPTUSD,0.42250000
414,EOSTUSD,4.11590000
415,XLMTUSD,0.06833000
416,BNBUSDC,311.30000000
417,BTCUSDC,30224.51000000
418,ETHUSDC,2035.31000000
419,XRPUSDC,0.42220000
420,EOSUSDC,1.31500000
421,XLMUSDC,0.04970000
422,USDCUSDT,1.00080000
423,ADATUSD,0.52800000
424,TRXTUSD,0.07364000
425,NEOTUSD,11.81800000
426,TRXXRP,0.17424000
427,XZCXRP,20.79200000
428,PAXTUSD,0.99950000
429,USDCTUSD,1.00000000
430,USDCPAX,1.00020000
431,LINKUSDT,7.19000000
432,LINKTUSD,28.87000000
433,LINKPAX,3.98340000
434,LINKUSDC,7.20000000
435,WAVESUSDT,6.05000000
436,WAVESTUSD,1.07200000
437,WAVESPAX,0.80290000
438,WAVESUSDC,1.20360000
439,BCHABCTUSD,220.20000000
440,BCHABCPAX,221.20000000
441,BCHABCUSDC,220.30000000
442,BCHSVTUSD,59.17000000
443,BCHSVPAX,58.18000000
444,BCHSVUSDC,57.50000000
445,LTCTUSD,150.10000000
446,LTCPAX,171.13000000
447,LTCUSDC,69.70000000
448,TRXPAX,0.07661000
449,TRXUSDC,0.07364000
450,BTTBTC,0.00000005
451,BTTBNB,0.00000573
452,BTTUSDT,0.00277700
453,BNBUSDS,22.27880000
454,BTCUSDS,9604.59000000
455,USDSUSDT,0.99680000
456,USDSPAX,1.00020000
457,USDSTUSD,1.00000000
458,USDSUSDC,1.00000000
459,BTTPAX,0.00038660
460,BTTTUSD,0.00277000
461,BTTUSDC,0.00277600
462,ONGBNB,0.00545000
463,ONGBTC,0.00001278
464,ONGUSDT,0.38730000
465,HOTBNB,0.00000819
466,HOTUSDT,0.00255200
467,ZILUSDT,0.05194000
468,ZRXBNB,0.01045000
469,ZRXUSDT,0.45920000
470,FETBNB,0.00055500
471,FETBTC,0.00000577
472,FETUSDT,0.17420000
473,BATUSDT,0.39870000
474,XMRBNB,0.56780000
475,XMRUSDT,177.20000000
476,ZECBNB,0.33970000
477,ZECUSDT,106.70000000
478,ZECPAX,42.10000000
479,ZECTUSD,51.48000000
480,ZECUSDC,105.70000000
481,IOSTUSDT,0.01716000
482,CELRBNB,0.00005921
483,CELRBTC,0.00000062
484,CELRUSDT,0.01850000
485,ADAPAX,0.03257000
486,ADAUSDC,0.53090000
487,NEOPAX,11.12200000
488,NEOUSDC,28.27000000
489,DASHBNB,0.18850000
490,DASHUSDT,58.70000000
491,NANOUSDT,2.22400000
492,OMGBNB,0.03938000
493,OMGUSDT,2.47300000
494,THETAUSDT,1.28500000
495,ENJUSDT,0.69300000
496,MITHUSDT,0.01657000
497,MATICBNB,0.00212000
498,MATICBTC,0.00002187
499,MATICUSDT,0.66100000
500,ATOMBNB,0.03831000
501,ATOMBTC,0.00039500
502,ATOMUSDT,11.95000000
503,ATOMUSDC,11.94000000
504,ATOMPAX,3.17800000
505,ATOMTUSD,2.59800000
506,ETCUSDC,4.71000000
507,ETCPAX,4.83800000
508,ETCTUSD,3.79500000
509,BATUSDC,0.63130000
510,BATPAX,0.25560000
511,BATTUSD,0.22220000
512,PHBBNB,0.00013700
513,PHBBTC,0.00000422
514,PHBUSDC,0.00587000
515,PHBTUSD,0.22900000
516,PHBPAX,0.00639000
517,TFUELBNB,0.00012590
518,TFUELBTC,0.00000219
519,TFUELUSDT,0.06630000
520,TFUELUSDC,0.00356500
521,TFUELTUSD,0.00307700
522,TFUELPAX,0.00348700
523,ONEBNB,0.00015440
524,ONEBTC,0.00000159
525,ONEUSDT,0.04811000
526,ONETUSD,0.00472000
527,ONEPAX,0.00496000
528,ONEUSDC,0.00520000
529,FTMBNB,0.00111680
530,FTMBTC,0.00001150
531,FTMUSDT,0.34780000
532,FTMTUSD,0.01095000
533,FTMPAX,0.01028000
534,FTMUSDC,0.01107000
535,BTCBBTC,1.00000000
536,BCPTTUSD,0.02606000
537,BCPTPAX,0.02761000
538,BCPTUSDC,0.02728000
539,ALGOBNB,0.00143100
540,ALGOBTC,0.00001474
541,ALGOUSDT,0.44640000
542,ALGOTUSD,1.01700000
543,ALGOPAX,0.20390000
544,ALGOUSDC,0.23800000
545,USDSBUSDT,0.99970000
546,USDSBUSDS,0.99990000
547,GTOUSDT,0.01864000
548,GTOPAX,0.01361000
549,GTOTUSD,0.01236000
550,GTOUSDC,0.01196000
551,ERDBNB,0.00083273
552,ERDBTC,0.00000168
553,ERDUSDT,0.01971000
554,ERDPAX,0.00125270
555,ERDUSDC,0.00135730
556,DOGEBNB,0.00015270
557,DOGEBTC,0.00000286
558,DOGEUSDT,0.08650000
559,DOGEPAX,0.00216820
560,DOGEUSDC,0.00212770
561,DUSKBNB,0.00118000
562,DUSKBTC,0.00000440
563,DUSKUSDT,0.13330000
564,DUSKUSDC,0.01790000
565,DUSKPAX,0.01890000
566,BGBPUSDC,1.39000000
567,ANKRBNB,0.00012380
568,ANKRBTC,0.00000128
569,ANKRUSDT,0.03865000
570,ANKRTUSD,0.00212800
571,ANKRPAX,0.00209300
572,ANKRUSDC,0.00209700
573,ONTPAX,0.84510000
574,ONTUSDC,0.57080000
575,WINBNB,0.00000046
576,WINBTC,0.00000001
577,WINUSDT,0.00014260
578,WINUSDC,0.00014250
579,COSBNB,0.00002600
580,COSBTC,0.00000027
581,COSUSDT,0.00810000
582,TUSDBTUSD,0.99750000
583,NPXSUSDT,0.00703010
584,NPXSUSDC,0.00017020
585,COCOSBNB,0.00246000
586,COCOSBTC,0.00000003
587,COCOSUSDT,0.76700000
588,MTLUSDT,1.39400000
589,TOMOBNB,0.03255000
590,TOMOBTC,0.00001867
591,TOMOUSDT,0.56600000
592,TOMOUSDC,0.36700000
593,PERLBNB,0.00005950
594,PERLBTC,0.00000061
595,PERLUSDC,0.02447000
596,PERLUSDT,0.01847000
597,DENTUSDT,0.00105000
598,MFTUSDT,0.00475100
599,KEYUSDT,0.00364900
600,STORMUSDT,0.00339700
601,DOCKUSDT,0.02158000
602,WANUSDT,0.23060000
603,FUNUSDT,0.00901000
604,CVCUSDT,0.18280000
605,BTTTRX,0.03945000
606,WINTRX,0.00192800
607,CHZBNB,0.00039970
608,CHZBTC,0.00000412
609,CHZUSDT,0.12480000
610,BANDBNB,0.02248000
611,BANDBTC,0.00005800
612,BANDUSDT,1.75100000
613,BNBBUSD,311.70000000
614,BTCBUSD,30221.01000000
615,BUSDUSDT,1.00080000
616,BEAMBNB,0.02177000
617,BEAMBTC,0.00000477
618,BEAMUSDT,0.14400000
619,XTZBNB,0.00567800
620,XTZBTC,0.00005838
621,XTZUSDT,1.76500000
622,RENUSDT,0.14970000
623,RVNUSDT,0.03018000
624,HCUSDT,0.84230000
625,HBARBNB,0.00032940
626,HBARBTC,0.00000341
627,HBARUSDT,0.10310000
628,NKNBNB,0.00074700
629,NKNBTC,0.00000327
630,NKNUSDT,0.09840000
631,XRPBUSD,0.42230000
632,ETHBUSD,2035.11000000
633,BCHABCBUSD,220.16000000
634,LTCBUSD,69.90000000
635,LINKBUSD,7.18000000
636,ETCBUSD,20.83000000
637,STXBNB,0.00169300
638,STXBTC,0.00001739
639,STXUSDT,0.52800000
640,KAVABNB,0.00815000
641,KAVABTC,0.00008400
642,KAVAUSDT,2.54500000
643,BUSDNGN,462.64000000
644,BNBNGN,43608.00000000
645,BTCNGN,25941597.00000000
646,ARPABNB,0.00010880
647,ARPABTC,0.00000112
648,ARPAUSDT,0.03395000
649,TRXBUSD,0.07366000
650,EOSBUSD,1.31400000
651,IOTXUSDT,0.03325000
652,RLCUSDT,0.91800000
653,MCOUSDT,2.74400000
654,XLMBUSD,0.13130000
655,ADABUSD,0.53090000
656,CTXCBNB,0.00412200
657,CTXCBTC,0.00000444
658,CTXCUSDT,0.13440000
659,BCHBNB,0.62800000
660,BCHBTC,0.00648000
661,BCHUSDT,195.90000000
662,BCHUSDC,196.10000000
663,BCHTUSD,630.00000000
664,BCHPAX,617.72000000
665,BCHBUSD,195.80000000
666,BTCRUB,1838251.00000000
667,ETHRUB,123321.60000000
668,XRPRUB,25.79000000
669,BNBRUB,18930.70000000
670,TROYBNB,0.00001800
671,TROYBTC,0.00000018
672,TROYUSDT,0.00562300
673,BUSDRUB,60.75000000
674,QTUMBUSD,3.93000000
675,VETBUSD,0.03125000
676,VITEBNB,0.00070700
677,VITEBTC,0.00000078
678,VITEUSDT,0.02359000
679,FTTBNB,0.09840000
680,FTTBTC,0.00101480
681,FTTUSDT,30.68000000
682,BTCTRY,485223.00000000
683,BNBTRY,5003.00000000
684,BUSDTRY,16.05700000
685,ETHTRY,32650.00000000
686,XRPTRY,6.77900000
687,USDTTRY,16.04400000
688,USDTRUB,60.73000000
689,BTCEUR,28633.68000000
690,ETHEUR,1927.86000000
691,BNBEUR,295.20000000
692,XRPEUR,0.40000000
693,EURBUSD,1.05600000
694,EURUSDT,1.05700000
695,OGNBNB,0.00080000
696,OGNBTC,0.00000818
697,OGNUSDT,0.24660000
698,DREPBNB,0.00009380
699,DREPBTC,0.00001867
700,DREPUSDT,0.56590000
701,BULLUSDT,1370.28000000
702,BULLBUSD,1368.56000000
703,BEARUSDT,11.16000000
704,BEARBUSD,11.14000000
705,ETHBULLUSDT,79.18000000
706,ETHBULLBUSD,78.46000000
707,ETHBEARUSDT,12.20000000
708,ETHBEARBUSD,12.24000000
709,TCTBNB,0.00041860
710,TCTBTC,0.00000033
711,TCTUSDT,0.01000000
712,WRXBNB,0.00082900
713,WRXBTC,0.00000858
714,WRXUSDT,0.25800000
715,ICXBUSD,0.36500000
716,BTSUSDT,0.01232000
717,BTSBUSD,0.01930000
718,LSKUSDT,1.16200000
719,BNTUSDT,1.39400000
720,BNTBUSD,1.38700000
721,LTOBNB,0.00248000
722,LTOBTC,0.00000334
723,LTOUSDT,0.10090000
724,ATOMBUSD,11.94000000
725,DASHBUSD,58.70000000
726,NEOBUSD,10.46000000
727,WAVESBUSD,6.04000000
728,XTZBUSD,1.76200000
729,EOSBULLUSDT,3.85000000
730,EOSBULLBUSD,3.90000000
731,EOSBEARUSDT,30.21000000
732,EOSBEARBUSD,29.81000000
733,XRPBULLUSDT,8.74000000
734,XRPBULLBUSD,8.78000000
735,XRPBEARUSDT,548.55000000
736,XRPBEARBUSD,547.33000000
737,BATBUSD,0.39860000
738,ENJBUSD,0.69300000
739,NANOBUSD,2.22500000
740,ONTBUSD,0.27760000
741,RVNBUSD,0.03019000
742,STRATBUSD,0.49150000
743,STRATBNB,0.01900000
744,STRATUSDT,0.49040000
745,AIONBUSD,0.07210000
746,AIONUSDT,0.03400000
747,MBLBNB,0.00001708
748,MBLBTC,0.00000005
749,MBLUSDT,0.00538300
750,COTIBNB,0.00035980
751,COTIBTC,0.00000370
752,COTIUSDT,0.11150000
753,ALGOBUSD,0.44600000
754,BTTBUSD,0.00277800
755,TOMOBUSD,0.56400000
756,XMRBUSD,176.80000000
757,ZECBUSD,106.50000000
758,BNBBULLUSDT,57.21000000
759,BNBBULLBUSD,58.37000000
760,BNBBEARUSDT,58.61000000
761,BNBBEARBUSD,57.21000000
762,STPTBNB,0.00067000
763,STPTBTC,0.00000155
764,STPTUSDT,0.04703000
765,BTCZAR,857014.00000000
766,ETHZAR,27850.40000000
767,BNBZAR,5000.00000000
768,USDTZAR,14.02300000
769,BUSDZAR,13.88800000
770,BTCBKRW,42029197.00000000
771,ETHBKRW,1277799.00000000
772,BNBBKRW,44687.00000000
773,WTCUSDT,0.20330000
774,DATABUSD,0.03740000
775,DATAUSDT,0.03742000
776,XZCUSDT,4.44600000
777,SOLBNB,0.16700000
778,SOLBTC,0.00172280
779,SOLUSDT,52.11000000
780,SOLBUSD,52.06000000
781,BTCIDRT,693891182.00
782,BNBIDRT,4286985.00
783,USDTIDRT,14697.00
784,BUSDIDRT,14389.00
785,CTSIBTC,0.00000628
786,CTSIUSDT,0.19030000
787,CTSIBNB,0.00061000
788,CTSIBUSD,0.18990000
789,HIVEBNB,0.00429000
790,HIVEBTC,0.00001615
791,HIVEUSDT,0.48850000
792,CHRBNB,0.00070020
793,CHRBTC,0.00000722
794,CHRUSDT,0.21840000
795,BTCUPUSDT,16.89200000
796,BTCDOWNUSDT,0.02152100
797,GXSUSDT,1.79230000
798,ARDRUSDT,0.11130000
799,ERDBUSD,0.01966100
800,LENDUSDT,0.51431000
801,HBARBUSD,0.10320000
802,MATICBUSD,0.66100000
803,WRXBUSD,0.25800000
804,ZILBUSD,0.05181000
805,MDTBNB,0.00073720
806,MDTBTC,0.00000117
807,MDTUSDT,0.03512000
808,STMXBTC,0.00000032
809,STMXETH,0.00000466
810,STMXUSDT,0.00946000
811,KNCBUSD,2.71500000
812,KNCUSDT,2.71500000
813,REPBUSD,13.67300000
814,REPUSDT,7.26000000
815,LRCBUSD,0.49460000
816,LRCUSDT,0.49500000
817,IQBNB,0.00002243
818,IQBUSD,0.00570000
819,PNTBTC,0.00000761
820,PNTUSDT,0.22970000
821,BTCGBP,24250.29000000
822,ETHGBP,1632.63000000
823,XRPGBP,0.33950000
824,BNBGBP,250.00000000
825,GBPBUSD,1.24700000
826,DGBBTC,0.00000040
827,DGBBUSD,0.01231000
828,BTCUAH,1080695.00000000
829,USDTUAH,35.75000000
830,COMPBTC,0.00222000
831,COMPBNB,5.71900000
832,COMPBUSD,67.00000000
833,COMPUSDT,67.10000000
834,BTCBIDR,443735193.00
835,ETHBIDR,29870952.00
836,BNBBIDR,4583676.00
837,BUSDBIDR,14696.00
838,USDTBIDR,14686.00
839,BKRWUSDT,0.00084530
840,BKRWBUSD,0.00084550
841,SCUSDT,0.00522000
842,ZENUSDT,20.64000000
843,SXPBTC,0.00001530
844,SXPBNB,0.00148300
845,SXPBUSD,0.46200000
846,SNXBTC,0.00008830
847,SNXBNB,0.00852000
848,SNXBUSD,2.66800000
849,SNXUSDT,2.66900000
850,ETHUPUSDT,9.47300000
851,ETHDOWNUSDT,1.23270000
852,ADAUPUSDT,1.65700000
853,ADADOWNUSDT,0.00900800
854,LINKUPUSDT,0.01672000
855,LINKDOWNUSDT,0.02488000
856,VTHOBNB,0.00000665
857,VTHOBUSD,0.00071800
858,VTHOUSDT,0.00207700
859,DCRBUSD,16.03500000
860,DGBUSDT,0.01233000
861,GBPUSDT,1.24700000
862,STORJBUSD,0.56100000
863,SXPUSDT,0.46300000
864,IRISBNB,0.00166200
865,IRISBTC,0.00000080
866,IRISBUSD,0.06080000
867,MKRBNB,6.90300000
868,MKRBTC,0.04776000
869,MKRUSDT,1444.00000000
870,MKRBUSD,1444.00000000
871,DAIBNB,0.04876000
872,DAIBTC,0.00008966
873,DAIUSDT,1.01890000
874,DAIBUSD,1.01810000
875,RUNEBNB,0.00969000
876,RUNEBTC,0.00010010
877,RUNEBUSD,3.02200000
878,MANABUSD,1.11910000
879,DOGEBUSD,0.08650000
880,LENDBUSD,0.51530000
881,ZRXBUSD,0.45860000
882,DCRUSDT,38.20000000
883,STORJUSDT,0.56110000
884,XRPBKRW,319.76000000
885,ADABKRW,327.55000000
886,BTCAUD,42835.96000000
887,ETHAUD,2883.84000000
888,AUDBUSD,0.70530000
889,FIOBNB,0.00017080
890,FIOBTC,0.00000175
891,FIOBUSD,0.05290000
892,BNBUPUSDT,59.28000000
893,BNBDOWNUSDT,0.05762000
894,XTZUPUSDT,0.00255100
895,XTZDOWNUSDT,2.60010000
896,AVABNB,0.00245000
897,AVABTC,0.00002525
898,AVABUSD,0.76400000
899,USDTBKRW,1125.00000000
900,BUSDBKRW,1097.18000000
901,IOTABUSD,0.33320000
902,MANAUSDT,1.11980000
903,XRPAUD,0.59850000
904,BNBAUD,441.30000000
905,AUDUSDT,0.70590000
906,BALBNB,0.42580000
907,BALBTC,0.00026090
908,BALBUSD,7.91000000
909,YFIBNB,82.19000000
910,YFIBTC,0.32100000
911,YFIBUSD,9709.91000000
912,YFIUSDT,9718.29000000
913,BLZBUSD,0.07104000
914,KMDBUSD,0.46760000
915,BALUSDT,7.89000000
916,BLZUSDT,0.07750000
917,IRISUSDT,0.02433000
918,KMDUSDT,0.24450000
919,BTCDAI,30215.74000000
920,ETHDAI,2034.78000000
921,BNBDAI,311.60000000
922,USDTDAI,0.99910000
923,BUSDDAI,0.99990000
924,JSTBNB,0.00021850
925,JSTBTC,0.00000133
926,JSTBUSD,0.04013000
927,JSTUSDT,0.04012000
928,SRMBNB,0.00369000
929,SRMBTC,0.00003790
930,SRMBUSD,1.14200000
931,SRMUSDT,1.14300000
932,ANTBNB,0.00548000
933,ANTBTC,0.00005653
934,ANTBUSD,1.70700000
935,ANTUSDT,1.70900000
936,CRVBNB,0.00687000
937,CRVBTC,0.00003819
938,CRVBUSD,1.15600000
939,CRVUSDT,1.15600000
940,SANDBNB,0.00429100
941,SANDBTC,0.00004422
942,SANDUSDT,1.33720000
943,SANDBUSD,1.33760000
944,OCEANBNB,0.00070100
945,OCEANBTC,0.00000724
946,OCEANBUSD,0.21920000
947,OCEANUSDT,0.21920000
948,NMRBTC,0.00044100
949,NMRBUSD,13.38000000
950,NMRUSDT,13.38000000
951,DOTBNB,0.03204000
952,DOTBTC,0.00033050
953,DOTBUSD,9.98000000
954,DOTUSDT,9.99000000
955,LUNABNB,0.00000019
956,LUNABTC,0.00000001
957,LUNABUSD,0.00013891
958,LUNAUSDT,0.00005000
959,IDEXBTC,0.00000304
960,IDEXBUSD,0.09175000
961,RSRBNB,0.00001460
962,RSRBTC,0.00000016
963,RSRBUSD,0.00453000
964,RSRUSDT,0.00454000
965,PAXGBNB,5.90500000
966,PAXGBTC,0.06101000
967,PAXGBUSD,1843.00000000
968,PAXGUSDT,1844.00000000
969,WNXMBNB,0.17350000
970,WNXMBTC,0.00067200
971,WNXMBUSD,22.16500000
972,WNXMUSDT,17.13000000
973,TRBBNB,0.51700000
974,TRBBTC,0.00035500
975,TRBBUSD,10.77000000
976,TRBUSDT,10.77000000
977,ETHNGN,805670.00000000
978,DOTBIDR,146392.00
979,LINKAUD,10.14000000
980,SXPAUD,1.86800000
981,BZRXBNB,0.00514000
982,BZRXBTC,0.00000463
983,BZRXBUSD,0.21640000
984,BZRXUSDT,0.21560000
985,WBTCBTC,1.00010000
986,WBTCETH,14.86000000
987,SUSHIBNB,0.00437000
988,SUSHIBTC,0.00004510
989,SUSHIBUSD,1.36100000
990,SUSHIUSDT,1.36300000
991,YFIIBNB,4.42000000
992,YFIIBTC,0.04060000
993,YFIIBUSD,1192.00000000
994,YFIIUSDT,1226.00000000
995,KSMBNB,0.25550000
996,KSMBTC,0.00259900
997,KSMBUSD,78.60000000
998,KSMUSDT,78.60000000
999,EGLDBNB,0.29490000
1000,EGLDBTC,0.00303400
1001,EGLDBUSD,91.69000000
1002,EGLDUSDT,91.74000000
1003,DIABNB,0.00381300
1004,DIABTC,0.00001958
1005,DIABUSD,0.59200000
1006,DIAUSDT,0.59200000
1007,RUNEUSDT,3.02700000
1008,FIOUSDT,0.05290000
1009,UMABTC,0.00010280
1010,UMAUSDT,3.11100000
1011,EOSUPUSDT,0.21130000
1012,EOSDOWNUSDT,0.00036650
1013,TRXUPUSDT,0.07183000
1014,TRXDOWNUSDT,2.22600000
1015,XRPUPUSDT,0.20970000
1016,XRPDOWNUSDT,0.00087750
1017,DOTUPUSDT,0.44940000
1018,DOTDOWNUSDT,14.99900000
1019,SRMBIDR,26748.00
1020,ONEBIDR,119.92
1021,LINKTRY,115.30000000
1022,USDTNGN,612.90000000
1023,BELBNB,0.00107100
1024,BELBTC,0.00001104
1025,BELBUSD,0.33400000
1026,BELUSDT,0.33200000
1027,WINGBNB,0.04865000
1028,WINGBTC,0.00011480
1029,SWRVBNB,0.00150400
1030,SWRVBUSD,0.56490000
1031,WINGBUSD,3.51000000
1032,WINGUSDT,3.50000000
1033,LTCUPUSDT,0.48010000
1034,LTCDOWNUSDT,2.22790000
1035,LENDBKRW,579.46000000
1036,SXPEUR,0.43800000
1037,CREAMBNB,0.07230000
1038,CREAMBUSD,22.10000000
1039,UNIBNB,0.01734000
1040,UNIBTC,0.00017880
1041,UNIBUSD,5.39000000
1042,UNIUSDT,5.41000000
1043,NBSBTC,0.00000031
1044,NBSUSDT,0.00497000
1045,OXTBTC,0.00000433
1046,OXTUSDT,0.13130000
1047,SUNBTC,0.00071100
1048,SUNUSDT,0.00879000
1049,AVAXBNB,0.09854000
1050,AVAXBTC,0.00101570
1051,AVAXBUSD,30.70000000
1052,AVAXUSDT,30.74000000
1053,HNTBTC,0.00026760
1054,HNTUSDT,8.10000000
1055,BAKEBNB,0.00089300
1056,BURGERBNB,0.00171000
1057,SXPBIDR,19956.00
1058,LINKBKRW,16948.99000000
1059,FLMBNB,0.00333000
1060,FLMBTC,0.00000325
1061,FLMBUSD,0.23210000
1062,FLMUSDT,0.09790000
1063,SCRTBTC,0.00006644
1064,SCRTETH,0.00098750
1065,CAKEBNB,0.01471000
1066,CAKEBUSD,4.58500000
1067,SPARTABNB,0.00018210
1068,UNIUPUSDT,1.05500000
1069,UNIDOWNUSDT,2.17200000
1070,ORNBTC,0.00004660
1071,ORNUSDT,1.40800000
1072,TRXNGN,20.71000000
1073,SXPTRY,7.43000000
1074,UTKBTC,0.00000461
1075,UTKUSDT,0.13900000
1076,XVSBNB,0.01678000
1077,XVSBTC,0.00017170
1078,XVSBUSD,5.19000000
1079,XVSUSDT,5.20000000
1080,ALPHABNB,0.00050000
1081,ALPHABTC,0.00000517
1082,ALPHABUSD,0.15660000
1083,ALPHAUSDT,0.15640000
1084,VIDTBTC,0.00000642
1085,VIDTBUSD,0.19250000
1086,AAVEBNB,0.30880000
1087,BTCBRL,149063.00000000
1088,USDTBRL,4.92800000
1089,AAVEBTC,0.00318500
1090,AAVEETH,0.04730000
1091,AAVEBUSD,96.30000000
1092,AAVEUSDT,96.30000000
1093,AAVEBKRW,164167.00000000
1094,NEARBNB,0.01918500
1095,NEARBTC,0.00019752
1096,NEARBUSD,5.96900000
1097,NEARUSDT,5.97400000
1098,SXPUPUSDT,0.17426000
1099,SXPDOWNUSDT,0.08950000
1100,DOTBKRW,13514.98000000
1101,SXPGBP,0.37100000
1102,FILBNB,0.02610000
1103,FILBTC,0.00027000
1104,FILBUSD,8.15000000
1105,FILUSDT,8.16000000
1106,FILUPUSDT,0.15150000
1107,FILDOWNUSDT,0.00076660
1108,YFIUPUSDT,0.11690000
1109,YFIDOWNUSDT,0.90090000
1110,INJBNB,0.00762000
1111,INJBTC,0.00007870
1112,INJBUSD,2.37300000
1113,INJUSDT,2.38000000
1114,AERGOBTC,0.00000464
1115,AERGOBUSD,0.14060000
1116,LINKEUR,6.80000000
1117,ONEBUSD,0.04807000
1118,EASYETH,0.00623000
1119,AUDIOBTC,0.00001407
1120,AUDIOBUSD,0.42400000
1121,AUDIOUSDT,0.42400000
1122,CTKBNB,0.00260000
1123,CTKBTC,0.00002680
1124,CTKBUSD,0.81000000
1125,CTKUSDT,0.81000000
1126,BCHUPUSDT,0.07240000
1127,BCHDOWNUSDT,0.22470000
1128,BOTBTC,0.04906000
1129,BOTBUSD,2783.23000000
1130,ETHBRL,10035.87000000
1131,DOTEUR,9.47000000
1132,AKROBTC,0.00000013
1133,AKROUSDT,0.00349000
1134,KP3RBNB,0.53240000
1135,KP3RBUSD,164.28000000
1136,AXSBNB,0.06850000
1137,AXSBTC,0.00070600
1138,AXSBUSD,21.34000000
1139,AXSUSDT,21.37000000
1140,HARDBNB,0.00081700
1141,HARDBTC,0.00000842
1142,HARDBUSD,0.25440000
1143,HARDUSDT,0.25470000
1144,BNBBRL,1537.00000000
1145,LTCEUR,66.30000000
1146,RENBTCBTC,0.99310000
1147,RENBTCETH,16.29900000
1148,DNTBUSD,0.05650000
1149,DNTUSDT,0.05650000
1150,SLPETH,0.00000264
1151,ADAEUR,0.50300000
1152,LTCNGN,78132.00000000
1153,CVPETH,0.00016550
1154,CVPBUSD,0.33700000
1155,STRAXBTC,0.00001857
1156,STRAXETH,0.00027530
1157,STRAXBUSD,0.56200000
1158,STRAXUSDT,0.56200000
1159,FORBTC,0.00000065
1160,FORBUSD,0.01987000
1161,UNFIBNB,0.02654000
1162,UNFIBTC,0.00007350
1163,UNFIBUSD,2.22200000
1164,UNFIUSDT,2.22200000
1165,FRONTETH,0.00033040
1166,FRONTBUSD,0.28950000
1167,BCHABUSD,43.64100000
1168,ROSEBTC,0.00000225
1169,ROSEBUSD,0.06786000
1170,ROSEUSDT,0.06793000
1171,AVAXTRY,493.00000000
1172,BUSDBRL,4.93200000
1173,AVAUSDT,0.76400000
1174,SYSBUSD,0.21870000
1175,XEMUSDT,0.05480000
1176,HEGICETH,0.00001647
1177,HEGICBUSD,0.02120000
1178,AAVEUPUSDT,0.60080000
1179,AAVEDOWNUSDT,0.00467300
1180,PROMBNB,0.01584000
1181,PROMBUSD,4.92000000
1182,XRPBRL,2.08200000
1183,XRPNGN,214.17000000
1184,SKLBTC,0.00000272
1185,SKLBUSD,0.08220000
1186,SKLUSDT,0.08240000
1187,BCHEUR,185.70000000
1188,YFIEUR,9213.70000000
1189,ZILBIDR,761.00
1190,SUSDBTC,0.00002065
1191,SUSDETH,0.00052700
1192,SUSDUSDT,0.99600000
1193,COVERETH,0.06373000
1194,COVERBUSD,193.60000000
1195,GLMBTC,0.00000848
1196,GLMETH,0.00012610
1197,GHSTETH,0.00077760
1198,GHSTBUSD,1.58700000
1199,SUSHIUPUSDT,0.00471400
1200,SUSHIDOWNUSDT,37.37000000
1201,XLMUPUSDT,0.02430000
1202,XLMDOWNUSDT,4.30400000
1203,LINKBRL,35.50000000
1204,LINKNGN,11772.00000000
1205,LTCRUB,4248.80000000
1206,TRXTRY,1.18330000
1207,XLMEUR,0.12430000
1208,DFETH,0.00007020
1209,DFBUSD,0.03650000
1210,GRTBTC,0.00000522
1211,GRTETH,0.00007740
1212,GRTUSDT,0.15790000
1213,JUVBTC,0.00012740
1214,JUVBUSD,3.87000000
1215,JUVUSDT,3.85000000
1216,PSGBTC,0.00031760
1217,PSGBUSD,9.61000000
1218,PSGUSDT,9.60000000
1219,BUSDBVND,23720.00
1220,USDTBVND,23710.00
1221,1INCHBTC,0.00003080
1222,1INCHUSDT,0.93200000
1223,REEFBTC,0.00000015
1224,REEFUSDT,0.00452000
1225,OGBTC,0.00006530
1226,OGUSDT,1.98000000
1227,ATMBTC,0.00011210
1228,ATMUSDT,3.42000000
1229,ASRBTC,0.00006950
1230,ASRUSDT,2.10500000
1231,CELOBTC,0.00004456
1232,CELOUSDT,1.34500000
1233,RIFBTC,0.00000297
1234,RIFUSDT,0.08960000
1235,CHZTRY,2.00200000
1236,XLMTRY,2.10400000
1237,LINKGBP,5.76000000
1238,GRTEUR,0.15100000
1239,BTCSTBTC,0.00029230
1240,BTCSTBUSD,8.82000000
1241,BTCSTUSDT,8.82000000
1242,TRUBTC,0.00000343
1243,TRUBUSD,0.53570000
1244,TRUUSDT,0.10360000
1245,DEXEETH,0.00189000
1246,DEXEBUSD,3.85000000
1247,EOSEUR,1.24400000
1248,LTCBRL,344.70000000
1249,USDCBUSD,1.00010000
1250,TUSDBUSD,1.00000000
1251,PAXBUSD,1.00000000
1252,CKBBTC,0.00000015
1253,CKBBUSD,0.00495000
1254,CKBUSDT,0.00496000
1255,TWTBTC,0.00002264
1256,TWTBUSD,0.68360000
1257,TWTUSDT,0.68400000
1258,FIROBTC,0.00005850
1259,FIROETH,0.00133300
1260,FIROUSDT,1.77000000
1261,BETHETH,0.97040000
1262,DOGEEUR,0.08190000
1263,DOGETRY,1.38800000
1264,DOGEAUD,0.12260000
1265,DOGEBRL,0.42600000
1266,DOTNGN,10716.00000000
1267,PROSETH,0.00010630
1268,LITBTC,0.00001996
1269,LITBUSD,0.60400000
1270,LITUSDT,0.60300000
1271,BTCVAI,56876.40000000
1272,BUSDVAI,1.05000000
1273,SFPBTC,0.00001246
1274,SFPBUSD,0.37780000
1275,SFPUSDT,0.37800000
1276,DOGEGBP,0.06940000
1277,DOTTRY,160.10000000
1278,FXSBTC,0.00021379
1279,FXSBUSD,6.45500000
1280,DODOBTC,0.00000481
1281,DODOBUSD,0.14500000
1282,DODOUSDT,0.14600000
1283,FRONTBTC,0.00000962
1284,EASYBTC,0.00029250
1285,CAKEBTC,0.00015170
1286,CAKEUSDT,4.59200000
1287,BAKEBUSD,0.27800000
1288,UFTETH,0.00011210
1289,UFTBUSD,0.22910000
1290,1INCHBUSD,0.93100000
1291,BANDBUSD,1.74400000
1292,GRTBUSD,0.15790000
1293,IOSTBUSD,0.01716000
1294,OMGBUSD,2.47000000
1295,REEFBUSD,0.00453000
1296,ACMBTC,0.00018000
1297,ACMBUSD,5.41800000
1298,ACMUSDT,5.43000000
1299,AUCTIONBTC,0.00021440
1300,AUCTIONBUSD,6.48000000
1301,PHABTC,0.00000425
1302,PHABUSD,0.12760000
1303,DOTGBP,8.02000000
1304,ADATRY,8.53000000
1305,ADABRL,2.62100000
1306,ADAGBP,0.42660000
1307,TVKBTC,0.00000128
1308,TVKBUSD,0.03870000
1309,BADGERBTC,0.00018540
1310,BADGERBUSD,5.65000000
1311,BADGERUSDT,5.64000000
1312,FISBTC,0.00001122
1313,FISBUSD,0.33900000
1314,FISUSDT,0.33960000
1315,DOTBRL,49.26000000
1316,ADAAUD,0.75320000
1317,HOTTRY,0.04096000
1318,EGLDEUR,86.96000000
1319,OMBTC,0.00000191
1320,OMBUSD,0.05800000
1321,OMUSDT,0.05810000
1322,PONDBTC,0.00000037
1323,PONDBUSD,0.01141000
1324,PONDUSDT,0.01144000
1325,DEGOBTC,0.00004400
1326,DEGOBUSD,1.32000000
1327,DEGOUSDT,1.32000000
1328,AVAXEUR,29.10000000
1329,BTTTRY,0.03783000
1330,CHZBRL,0.61700000
1331,UNIEUR,5.13000000
1332,ALICEBTC,0.00009830
1333,ALICEBUSD,2.97000000
1334,ALICEUSDT,2.98000000
1335,CHZBUSD,0.12470000
1336,CHZEUR,0.11800000
1337,CHZGBP,0.10100000
1338,BIFIBNB,2.77700000
1339,BIFIBUSD,654.40000000
1340,LINABTC,0.00000031
1341,LINABUSD,0.00933000
1342,LINAUSDT,0.00936000
1343,ADARUB,32.59000000
1344,ENJBRL,3.49100000
1345,ENJEUR,0.65600000
1346,MATICEUR,0.62690000
1347,NEOTRY,168.50000000
1348,PERPBTC,0.00003670
1349,PERPBUSD,1.10000000
1350,PERPUSDT,1.11000000
1351,RAMPBTC,0.00000151
1352,RAMPBUSD,0.04550000
1353,RAMPUSDT,0.04550000
1354,SUPERBTC,0.00000666
1355,SUPERBUSD,0.20170000
1356,SUPERUSDT,0.20210000
1357,CFXBTC,0.00000286
1358,CFXBUSD,0.08640000
1359,CFXUSDT,0.08630000
1360,ENJGBP,0.56120000
1361,EOSTRY,21.13000000
1362,LTCGBP,56.07000000
1363,LUNAEUR,0.00006000
1364,RVNTRY,0.48420000
1365,THETAEUR,1.21300000
1366,XVGBUSD,0.00529000
1367,EPSBTC,0.00000499
1368,EPSBUSD,0.16790000
1369,EPSUSDT,0.16790000
1370,AUTOBTC,0.00584000
1371,AUTOBUSD,177.70000000
1372,AUTOUSDT,177.80000000
1373,TKOBTC,0.00001275
1374,TKOBIDR,5641.73
1375,TKOBUSD,0.38300000
1376,TKOUSDT,0.38300000
1377,PUNDIXETH,0.00024190
1378,PUNDIXUSDT,0.49300000
1379,BTTBRL,0.01553000
1380,BTTEUR,0.00243600
1381,HOTEUR,0.00241100
1382,WINEUR,0.00013450
1383,TLMBTC,0.00000114
1384,TLMBUSD,0.03450000
1385,TLMUSDT,0.03460000
1386,1INCHUPUSDT,0.06570300
1387,1INCHDOWNUSDT,0.00614800
1388,BTGBUSD,18.90000000
1389,BTGUSDT,18.70000000
1390,HOTBUSD,0.00255100
1391,BNBUAH,11131.00000000
1392,ONTTRY,4.46900000
1393,VETEUR,0.02958000
1394,VETGBP,0.02499000
1395,WINBRL,0.00070300
1396,MIRBTC,0.00000727
1397,MIRBUSD,0.21881000
1398,MIRUSDT,0.21936000
1399,BARBTC,0.00013930
1400,BARBUSD,4.19000000
1401,BARUSDT,4.21000000
1402,FORTHBTC,0.00011720
1403,FORTHBUSD,3.53000000
1404,FORTHUSDT,3.56000000
1405,CAKEGBP,3.68400000
1406,DOGERUB,5.25000000
1407,HOTBRL,0.03750000
1408,WRXEUR,0.57460000
1409,EZBTC,0.00002078
1410,EZETH,0.00030900
1411,BAKEUSDT,0.27800000
1412,BURGERBUSD,0.53700000
1413,BURGERUSDT,0.53600000
1414,SLPBUSD,0.00538000
1415,SLPUSDT,0.00538000
1416,TRXAUD,0.09810000
1417,TRXEUR,0.06979000
1418,VETTRY,0.50100000
1419,SHIBUSDT,0.00001184
1420,SHIBBUSD,0.00001182
1421,ICPBTC,0.00027100
1422,ICPBNB,0.02640000
1423,ICPBUSD,8.21000000
1424,ICPUSDT,8.23000000
1425,BTCGYEN,4300000.00000000
1426,USDTGYEN,85.00000000
1427,SHIBEUR,0.00001120
1428,SHIBRUB,0.00057730
1429,ETCEUR,19.84000000
1430,ETCBRL,202.40000000
1431,DOGEBIDR,1270.00
1432,ARBTC,0.00051490
1433,ARBNB,0.04982000
1434,ARBUSD,15.53000000
1435,ARUSDT,15.57000000
1436,POLSBTC,0.00002162
1437,POLSBNB,0.00210600
1438,POLSBUSD,0.65300000
1439,POLSUSDT,0.65400000
1440,MDXBTC,0.00000329
1441,MDXBNB,0.00061900
1442,MDXBUSD,0.09890000
1443,MDXUSDT,0.09920000
1444,MASKBNB,0.00654000
1445,MASKBUSD,2.02200000
1446,MASKUSDT,2.02700000
1447,LPTBTC,0.00049340
1448,LPTBNB,0.04815000
1449,LPTBUSD,14.96000000
1450,LPTUSDT,14.98000000
1451,ETHUAH,72910.00000000
1452,MATICBRL,3.26800000
1453,SOLEUR,49.32000000
1454,SHIBBRL,0.00005833
1455,AGIXBTC,0.00000217
1456,ICPEUR,7.77000000
1457,MATICGBP,0.53070000
1458,SHIBTRY,0.00018987
1459,MATICBIDR,9728.00
1460,MATICRUB,40.27000000
1461,NUBTC,0.00001240
1462,NUBNB,0.00126770
1463,NUBUSD,0.54530000
1464,NUUSDT,0.54360000
1465,XVGUSDT,0.00529000
1466,RLCBUSD,1.78300000
1467,CELRBUSD,0.01852000
1468,ATMBUSD,3.41000000
1469,ZENBUSD,20.59000000
1470,FTMBUSD,0.34760000
1471,THETABUSD,1.28300000
1472,WINBUSD,0.00014250
1473,KAVABUSD,2.53800000
1474,XEMBUSD,0.09630000
1475,ATABTC,0.00000515
1476,ATABNB,0.00050300
1477,ATABUSD,0.15580000
1478,ATAUSDT,0.15620000
1479,GTCBTC,0.00008230
1480,GTCBNB,0.01860000
1481,GTCBUSD,2.48400000
1482,GTCUSDT,2.48900000
1483,TORNBTC,0.00126510
1484,TORNBNB,0.09058000
1485,TORNBUSD,38.31000000
1486,TORNUSDT,38.31000000
1487,MATICTRY,10.63900000
1488,ETCGBP,26.54000000
1489,SOLGBP,41.62000000
1490,BAKEBTC,0.00000919
1491,COTIBUSD,0.11160000
1492,KEEPBTC,0.00001432
1493,KEEPBNB,0.00145070
1494,KEEPBUSD,0.62600000
1495,KEEPUSDT,0.62510000
1496,SOLTRY,835.70000000
1497,RUNEGBP,2.44900000
1498,SOLBRL,256.90000000
1499,SCBUSD,0.00525000
1500,CHRBUSD,0.21810000
1501,STMXBUSD,0.00945000
1502,HNTBUSD,8.09000000
1503,FTTBUSD,30.68000000
1504,DOCKBUSD,0.02141000
1505,ADABIDR,7803.00
1506,ERNBNB,0.00709000
1507,ERNBUSD,2.20900000
1508,ERNUSDT,2.20600000
1509,KLAYBTC,0.00001467
1510,KLAYBNB,0.00142000
1511,KLAYBUSD,0.44300000
1512,KLAYUSDT,0.44300000
1513,RUNEEUR,2.86900000
1514,MATICAUD,0.93700000
1515,DOTRUB,609.00000000
1516,UTKBUSD,0.13820000
1517,IOTXBUSD,0.03318000
1518,PHAUSDT,0.12820000
1519,SOLRUB,3164.00000000
1520,RUNEAUD,17.40400000
1521,BUSDUAH,35.77000000
1522,BONDBTC,0.00011590
1523,BONDBNB,0.02969000
1524,BONDBUSD,3.51000000
1525,BONDUSDT,3.50000000
1526,MLNBTC,0.00104400
1527,MLNBNB,0.09880000
1528,MLNBUSD,31.50000000
1529,MLNUSDT,31.60000000
1530,GRTTRY,2.53300000
1531,CAKEBRL,69.72000000
1532,ICPRUB,4589.00000000
1533,DOTAUD,14.20000000
1534,AAVEBRL,1792.00000000
1535,EOSAUD,6.55500000
1536,DEXEUSDT,3.85000000
1537,LTOBUSD,0.10090000
1538,ADXBUSD,0.24240000
1539,QUICKBTC,0.00252100
1540,QUICKBNB,0.42200000
1541,QUICKBUSD,76.10000000
1542,C98USDT,0.49400000
1543,C98BUSD,0.49400000
1544,C98BNB,0.00159100
1545,C98BTC,0.00001634
1546,CLVBTC,0.00000492
1547,CLVBNB,0.00047600
1548,CLVBUSD,0.14900000
1549,CLVUSDT,0.15000000
1550,QNTBTC,0.00231200
1551,QNTBNB,0.22650000
1552,QNTBUSD,70.00000000
1553,QNTUSDT,69.90000000
1554,FLOWBTC,0.00009560
1555,FLOWBNB,0.00928000
1556,FLOWBUSD,2.89000000
1557,FLOWUSDT,2.90000000
1558,XECBUSD,0.00004679
1559,AXSBRL,105.40000000
1560,AXSAUD,30.46000000
1561,TVKUSDT,0.03860000
1562,MINABTC,0.00003427
1563,MINABNB,0.00332000
1564,MINABUSD,1.03600000
1565,MINAUSDT,1.04000000
1566,RAYBNB,0.00364000
1567,RAYBUSD,1.13500000
1568,RAYUSDT,1.13400000
1569,FARMBTC,0.00176000
1570,FARMBNB,0.17460000
1571,FARMBUSD,53.40000000
1572,FARMUSDT,53.00000000
1573,ALPACABTC,0.00001048
1574,ALPACABNB,0.00094400
1575,ALPACABUSD,0.31570000
1576,ALPACAUSDT,0.31690000
1577,TLMTRY,0.55400000
1578,QUICKUSDT,76.40000000
1579,ORNBUSD,1.42100000
1580,MBOXBTC,0.00003690
1581,MBOXBNB,0.00356100
1582,MBOXBUSD,1.11200000
1583,MBOXUSDT,1.11200000
1584,VGXBTC,0.00002579
1585,VGXETH,0.00038500
1586,FORUSDT,0.01983000
1587,REQUSDT,0.11300000
1588,GHSTUSDT,1.58800000
1589,TRURUB,6.29000000
1590,FISBRL,1.68000000
1591,WAXPUSDT,0.12370000
1592,WAXPBUSD,0.12350000
1593,WAXPBNB,0.00039950
1594,WAXPBTC,0.00000409
1595,TRIBEBTC,0.00000844
1596,TRIBEBNB,0.00143100
1597,TRIBEBUSD,0.25600000
1598,TRIBEUSDT,0.25520000
1599,GNOUSDT,216.10000000
1600,GNOBUSD,304.10000000
1601,GNOBNB,0.86500000
1602,GNOBTC,0.00716500
1603,ARPATRY,0.54490000
1604,PROMBTC,0.00016270
1605,MTLBUSD,1.39400000
1606,OGNBUSD,0.24710000
1607,XECUSDT,0.00004681
1608,C98BRL,2.45000000
1609,SOLAUD,73.70000000
1610,XRPBIDR,6207.00
1611,POLYBUSD,0.24720000
1612,ELFUSDT,0.15590000
1613,DYDXUSDT,2.00400000
1614,DYDXBUSD,2.00200000
1615,DYDXBNB,0.00648200
1616,DYDXBTC,0.00006630
1617,ELFBUSD,0.15590000
1618,POLYUSDT,0.24580000
1619,IDEXUSDT,0.09184000
1620,VIDTUSDT,0.19220000
1621,SOLBIDR,764535.00
1622,AXSBIDR,316999.00
1623,BTCUSDP,30151.99000000
1624,ETHUSDP,2024.74000000
1625,BNBUSDP,311.49000000
1626,USDPBUSD,1.00000000
1627,USDPUSDT,1.00080000
1628,GALAUSDT,0.08280000
1629,GALABUSD,0.08273000
1630,GALABNB,0.00026561
1631,GALABTC,0.00000274
1632,FTMBIDR,5132.00
1633,ALGOBIDR,20095.00
1634,CAKEAUD,25.61000000
1635,KSMAUD,234.80000000
1636,WAVESRUB,1190.49000000
1637,SUNBUSD,0.00878000
1638,ILVUSDT,300.30000000
1639,ILVBUSD,300.30000000
1640,ILVBNB,0.96300000
1641,ILVBTC,0.00994000
1642,RENBUSD,0.14950000
1643,YGGUSDT,0.62700000
1644,YGGBUSD,0.62700000
1645,YGGBNB,0.00201000
1646,YGGBTC,0.00002080
1647,STXBUSD,0.52700000
1648,SYSUSDT,0.21850000
1649,DFUSDT,0.03660000
1650,SOLUSDC,51.99000000
1651,ARPARUB,2.05900000
1652,LTCUAH,2502.00000000
1653,FETBUSD,0.17460000
1654,ARPABUSD,0.03397000
1655,LSKBUSD,1.15400000
1656,AVAXBIDR,447274.00
1657,ALICEBIDR,43550.00
1658,FIDAUSDT,0.57600000
1659,FIDABUSD,0.57400000
1660,FIDABNB,0.00543000
1661,FIDABTC,0.00001900
1662,DENTBUSD,0.00105200
1663,FRONTUSDT,0.29030000
1664,CVPUSDT,0.33700000
1665,AGLDBTC,0.00001819
1666,AGLDBNB,0.00190000
1667,AGLDBUSD,0.54900000
1668,AGLDUSDT,0.54800000
1669,RADBTC,0.00006780
1670,RADBNB,0.00664000
1671,RADBUSD,2.06800000
1672,RADUSDT,2.06200000
1673,UNIAUD,34.47000000
1674,HIVEBUSD,0.48760000
1675,STPTBUSD,0.04714000
1676,BETABTC,0.00000383
1677,BETABNB,0.00037290
1678,BETABUSD,0.11600000
1679,BETAUSDT,0.11602000
1680,SHIBAUD,0.00001676
1681,RAREBTC,0.00000792
1682,RAREBNB,0.00076900
1683,RAREBUSD,0.24000000
1684,RAREUSDT,0.24000000
1685,AVAXBRL,151.60000000
1686,AVAXAUD,43.56000000
1687,LUNAAUD,0.00009000
1688,TROYBUSD,0.00559800
1689,AXSETH,0.01052000
1690,FTMETH,0.00017110
1691,SOLETH,0.02559000
1692,SSVBTC,0.00027160
1693,SSVETH,0.00404300
1694,LAZIOTRY,40.09500000
1695,LAZIOEUR,2.37440000
1696,LAZIOBTC,0.00008300
1697,LAZIOUSDT,2.48800000
1698,CHESSBTC,0.00001037
1699,CHESSBNB,0.00188500
1700,CHESSBUSD,0.31100000
1701,CHESSUSDT,0.31100000
1702,FTMAUD,0.49340000
1703,FTMBRL,1.72000000
1704,SCRTBUSD,1.99800000
1705,ADXUSDT,0.24360000
1706,AUCTIONUSDT,6.47000000
1707,CELOBUSD,1.34300000
1708,FTMRUB,21.40000000
1709,NUAUD,0.76900000
1710,NURUB,41.13000000
1711,REEFTRY,0.07250000
1712,REEFBIDR,162.00
1713,SHIBDOGE,0.00013680
1714,DARUSDT,0.47161000
1715,DARBUSD,0.47109000
1716,DARBNB,0.00151138
1717,DARBTC,0.00001562
1718,BNXBTC,0.00402800
1719,BNXBNB,0.38990000
1720,BNXBUSD,121.70000000
1721,BNXUSDT,121.70000000
1722,RGTUSDT,14.44000000
1723,RGTBTC,0.00037960
1724,RGTBUSD,14.46000000
1725,RGTBNB,0.03997000
1726,LAZIOBUSD,2.50110000
1727,OXTBUSD,0.13040000
1728,MANATRY,17.97000000
1729,ALGORUB,26.70000000
1730,SHIBUAH,0.00079300
1731,LUNABIDR,0.88
1732,AUDUSDC,0.70390000
1733,MOVRBTC,0.00075700
1734,MOVRBNB,0.15520000
1735,MOVRBUSD,22.80000000
1736,MOVRUSDT,22.80000000
1737,CITYBTC,0.00024270
1738,CITYBNB,0.02355000
1739,CITYBUSD,7.36000000
1740,CITYUSDT,7.36000000
1741,ENSBTC,0.00043970
1742,ENSBNB,0.04236000
1743,ENSBUSD,13.29000000
1744,ENSUSDT,13.29000000
1745,SANDETH,0.00065800
1746,DOTETH,0.00490600
1747,MATICETH,0.00032450
1748,ANKRBUSD,0.03855000
1749,SANDTRY,21.47000000
1750,MANABRL,5.53000000
1751,KP3RUSDT,164.51000000
1752,QIUSDT,0.01390000
1753,QIBUSD,0.01380000
1754,QIBNB,0.00009910
1755,QIBTC,0.00000045
1756,PORTOBTC,0.00008390
1757,PORTOUSDT,2.53540000
1758,PORTOTRY,40.63000000
1759,PORTOEUR,2.43510000
1760,POWRUSDT,0.25580000
1761,POWRBUSD,0.25480000
1762,AVAXETH,0.01511000
1763,SLPTRY,0.08640000
1764,FISTRY,8.87000000
1765,LRCTRY,7.95000000
1766,CHRETH,0.00010710
1767,FISBIDR,9124.00
1768,VGXUSDT,0.78100000
1769,GALAETH,0.00004071
1770,JASMYUSDT,0.01217300
1771,JASMYBUSD,0.01215700
1772,JASMYBNB,0.00003903
1773,JASMYBTC,0.00000040
1774,AMPBTC,0.00000044
1775,AMPBNB,0.00003999
1776,AMPBUSD,0.01342000
1777,AMPUSDT,0.01341000
1778,PLABTC,0.00001784
1779,PLABNB,0.00173800
1780,PLABUSD,0.53900000
1781,PLAUSDT,0.54000000
1782,PYRBTC,0.00015810
1783,PYRBUSD,4.78000000
1784,PYRUSDT,4.78000000
1785,RNDRBTC,0.00003000
1786,RNDRUSDT,0.90900000
1787,RNDRBUSD,0.90700000
1788,ALCXBTC,0.00115300
1789,ALCXBUSD,34.80000000
1790,ALCXUSDT,34.90000000
1791,SANTOSBTC,0.00015338
1792,SANTOSUSDT,4.64000000
1793,SANTOSBRL,22.90000000
1794,SANTOSTRY,74.40000000
1795,MCBTC,0.00003550
1796,MCBUSD,1.06000000
1797,MCUSDT,1.07000000
1798,BELTRY,5.38000000
1799,COCOSBUSD,0.76880000
1800,DENTTRY,0.01686000
1801,ENJTRY,11.13000000
1802,NEORUB,638.00000000
1803,SANDAUD,1.89320000
1804,SLPBIDR,79.10
1805,ANYBTC,0.00026020
1806,ANYBUSD,12.33000000
1807,ANYUSDT,12.30000000
1808,BICOBTC,0.00002310
1809,BICOBUSD,0.69600000
1810,BICOUSDT,0.69700000
1811,FLUXBTC,0.00002272
1812,FLUXBUSD,0.68700000
1813,FLUXUSDT,0.68700000
1814,ALICETRY,47.60000000
1815,FXSUSDT,6.45500000
1816,GALABRL,0.40900000
1817,GALATRY,1.32800000
1818,LUNATRY,0.00090000
1819,REQBUSD,0.11360000
1820,SANDBRL,6.59000000
1821,MANABIDR,16439.00
1822,SANDBIDR,19804.00
1823,VOXELBTC,0.00002055
1824,VOXELBNB,0.00197440
1825,VOXELBUSD,0.61900000
1826,VOXELUSDT,0.62070000
1827,COSBUSD,0.00812000
1828,CTXCBUSD,0.13350000
1829,FTMTRY,5.58000000
1830,MANABNB,0.00359100
1831,MINATRY,16.61000000
1832,XTZTRY,28.33000000
1833,HIGHBTC,0.00007540
1834,HIGHBUSD,2.27000000
1835,HIGHUSDT,2.26000000
1836,CVXBTC,0.00034740
1837,CVXBUSD,10.49000000
1838,CVXUSDT,10.52000000
1839,PEOPLEBTC,0.00000064
1840,PEOPLEBUSD,0.01920000
1841,PEOPLEUSDT,0.01920000
1842,OOKIBUSD,0.00542000
1843,OOKIUSDT,0.00545000
1844,COCOSTRY,12.34000000
1845,GXSBNB,0.00453800
1846,LINKBNB,0.02313000
1847,LUNAETH,0.00000003
1848,MDTBUSD,0.03505000
1849,NULSBUSD,0.22050000
1850,SPELLBTC,0.00000012
1851,SPELLUSDT,0.00136000
1852,SPELLBUSD,0.00136000
1853,USTBTC,0.00002476
1854,USTBUSD,0.06743016
1855,USTUSDT,0.24577900
1856,JOEBTC,0.00001377
1857,JOEBUSD,0.41700000
1858,JOEUSDT,0.41500000
1859,ATOMETH,0.00588000
1860,DUSKBUSD,0.13350000
1861,EGLDETH,0.04506000
1862,ICPETH,0.00403500
1863,LUNABRL,0.00030000
1864,LUNAUST,0.00004900
1865,NEARETH,0.00293400
1866,ROSEBNB,0.00021790
1867,VOXELETH,0.00030420
1868,ALICEBNB,0.00953000
1869,ATOMTRY,192.00000000
1870,ETHUST,8239.72000000
1871,GALAAUD,0.11694000
1872,LRCBNB,0.00159300
1873,ONEETH,0.00002350
1874,OOKIBNB,0.00001742
1875,ACHBTC,0.00000054
1876,ACHBUSD,0.01640000
1877,ACHUSDT,0.01641000
1878,IMXBTC,0.00002936
1879,IMXBUSD,0.88600000
1880,IMXUSDT,0.88700000
1881,GLMRBTC,0.00004005
1882,GLMRBUSD,1.21190000
1883,GLMRUSDT,1.21170000
1884,ATOMBIDR,307866.00
1885,DYDXETH,0.00159100
1886,FARMETH,0.03152000
1887,FORBNB,0.00009710
1888,ICPTRY,132.00000000
1889,JASMYETH,0.00000594
1890,LINABNB,0.00007811
1891,OOKIETH,0.00000268
1892,ROSEETH,0.00003340
1893,UMABUSD,3.10800000
1894,UNIETH,0.00263700
1895,XTZETH,0.00086700
1896,LOKABTC,0.00004233
1897,LOKABNB,0.00410310
1898,LOKABUSD,1.27990000
1899,LOKAUSDT,1.28030000
1900,ATOMBRL,59.20000000
1901,BNBUST,1129.30000000
1902,CRVETH,0.00056800
1903,HIGHBNB,0.00735000
1904,NEARRUB,364.00000000
1905,ROSETRY,1.09000000
1906,SCRTUSDT,2.00700000
1907,API3BTC,0.00006173
1908,API3BUSD,1.87100000
1909,API3USDT,1.87000000
1910,BTTCUSDT,0.00000114
1911,BTTCUSDC,0.00000113
1912,BTTCTRY,0.00001813
1913,ACABTC,0.00001298
1914,ACABUSD,0.38900000
1915,ACAUSDT,0.39100000
1916,ANCBTC,0.00000334
1917,ANCBUSD,0.10093000
1918,ANCUSDT,0.10101000
1919,BDOTDOT,0.61050000
1920,XNOBTC,0.00003626
1921,XNOETH,0.00054060
1922,XNOBUSD,1.09200000
1923,XNOUSDT,1.09900000
1924,COSTRY,0.13000000
1925,KAVAETH,0.00124200
1926,MCBNB,0.00345000
1927,ONETRY,0.77300000
1928,WOOBTC,0.00000649
1929,WOOBNB,0.00063100
1930,WOOBUSD,0.19610000
1931,WOOUSDT,0.19650000
1932,CELRETH,0.00000900
1933,PEOPLEBNB,0.00006150
1934,SLPBNB,0.00001726
1935,SPELLBNB,0.00000435
1936,SPELLTRY,0.02192000
1937,TFUELBUSD,0.06610000
1938,AXSTRY,341.90000000
1939,DARTRY,7.57000000
1940,NEARTRY,95.50000000
1941,IDEXBNB,0.00029430
1942,ALPINEEUR,3.56230000
1943,ALPINETRY,60.55000000
1944,ALPINEUSDT,3.77140000
1945,ALPINEBTC,0.00012473
1946,TUSDT,0.05080000
1947,TBUSD,0.05070000
1948,API3BNB,0.00605000
1949,BETAETH,0.00005690
1950,INJTRY,38.11000000
1951,TLMBNB,0.00010990
1952,ASTRBUSD,0.05980000
1953,ASTRUSDT,0.06010000
1954,API3TRY,30.04000000
1955,GLMRBNB,0.00387800
1956,MBOXTRY,17.86000000
1957,NBTBIDR,195.70
1958,NBTUSDT,0.01338000
1959,GMTBTC,0.00004645
1960,GMTBNB,0.00450315
1961,GMTBUSD,1.40305000
1962,GMTUSDT,1.40403000
1963,ANCBNB,0.00032450
1964,ATOMEUR,11.31000000
1965,GALAEUR,0.07758000
1966,KSMETH,0.03949000
1967,UMATRY,49.80000000
1968,KDABTC,0.00008670
1969,KDABUSD,2.62200000
1970,KDAUSDT,2.62200000
1971,APEUSDT,8.05790000
1972,APEBUSD,8.05000000
1973,APEBTC,0.00026642
1974,ALPINEBUSD,3.76580000
1975,LUNAGBP,0.00005000
1976,NEAREUR,5.64200000
1977,TWTTRY,10.94000000
1978,WAVESEUR,5.69000000
1979,APEEUR,7.61700000
1980,APEGBP,6.41760000
1981,APETRY,129.10000000
1982,BSWUSDT,0.59760000
1983,BSWBUSD,0.59700000
1984,BSWBNB,0.00191880
1985,APEBNB,0.02585000
1986,GMTBRL,6.92000000
1987,GMTETH,0.00068980
1988,JASMYTRY,0.19526700
1989,SANTOSBUSD,4.63300000
1990,APEAUD,11.40610000
1991,BIFIUSDT,651.10000000
1992,GMTEUR,1.32871000
1993,IMXBNB,0.00283900
1994,RUNEETH,0.00150000
1995,AVAXGBP,24.70000000
1996,MULTIBTC,0.00021370
1997,MULTIBUSD,6.43000000
1998,MULTIUSDT,6.44000000
1999,APEETH,0.00395800
2000,BSWETH,0.00029330
2001,FILTRY,130.60000000
2002,FTMEUR,0.33050000
2003,GMTGBP,1.12428000
2004,ZILTRY,0.83000000
2005,GMTTRY,22.50000000
2006,WAVESTRY,96.90000000
2007,BTCUST,121179.88000000
2008,ASTRBTC,0.00000200
2009,ASTRETH,0.00002958
2010,BSWTRY,9.58000000
2011,FTTETH,0.01508000
2012,FUNBNB,0.00002899
2013,PORTOBUSD,2.53110000
2014,STEEMUSDT,0.26910000
2015,ZILEUR,0.04974000
2016,APEBRL,39.84000000
2017,AUDIOTRY,6.85000000
2018,BTTCBUSD,0.00000114
2019,GMTAUD,1.96873000
2020,MBLBUSD,0.00537100
2021,MOBUSDT,1.92400000
2022,MOBBUSD,1.92400000
2023,MOBBTC,0.00006365
2024,NEXOUSDT,1.35200000
2025,NEXOBUSD,1.35000000
2026,NEXOBTC,0.00004462
2027,REIUSDT,0.05470000
2028,REIBNB,0.00017510
2029,REIETH,0.00002726
2030,GALUSDT,5.80300000
2031,GALBUSD,5.80100000
2032,GALBNB,0.01861000
2033,GALBTC,0.00019191
2034,JASMYEUR,0.01158500
2035,KNCBNB,0.00873900
2036,SHIBGBP,0.00000947
2037,GALEUR,5.49600000
2038,GALTRY,93.50000000
2039,LDOBUSD,1.44400000
2040,LDOUSDT,1.44300000
2041,LDOBTC,0.00004789
2042,ENSTRY,214.40000000
2043,DAREUR,0.44340000
2044,DARETH,0.00023130
2045,ALGOETH,0.00021940
2046,ALGOTRY,7.13900000
2047,GALETH,0.00284100
